{"numyears":"20","direction":"right","width":"1200","height":"400","year1":{"name":"2001","numcirc":"5","circ1":{"name":"<img src=\"chplogo.png\" \/>","circsize":"90","textsize":"30","circcolor":"#20CCAC","textcolor":"#FFF","ftext":"<span style='color:#A3BF2A'>2009<\/span><h1><a href=\"http:\/\/chillipear.com\" target=\"_blank\"><img src=\"chplogoblack.png\" \/><\/a><\/h1><p>Working in ChilliPear<\/p>"},"circ2":{"name":"New York","circsize":"50","textsize":"20","circcolor":"#730000","textcolor":"#FFF","ftext":"<span style='color:#4B6EB2'>2009<\/span><h1>Learned Illustrator<\/h1><p>Lorem ipsum dolor sit amet, consectetur adipisicing elit, sed do eiusmod tempor incididunt ut labore et dolore magna aliqua.<\/p>"},"circ3":{"name":"HTML","circsize":"30","textsize":"8","circcolor":"#DA8D00","textcolor":"#FFF","ftext":"<span style='color:#DA8D00'>2009<\/span><h1>discovered Dreamweaver<\/h1><p>Lorem ipsum dolor sit amet, consectetur adipisicing elit, sed do eiusmod tempor incididunt ut labore et dolore magna aliqua.<\/p>"},"circ4":{"name":"Flash","circsize":"80","textsize":"26","circcolor":"#C83729","textcolor":"#FFF","ftext":"<span style='color:#C83729'>2009<\/span><h1>Improved my flash knowledge<\/h1><p>Lorem ipsum dolor sit amet, consectetur adipisicing elit, sed do eiusmod tempor incididunt ut labore et dolore magna aliqua.<\/p>"},"circ5":{"name":"CSS","circsize":"50","textsize":"14","circcolor":"#FF7926","textcolor":"#FFF","ftext":"<span style='color:#ff7926'>2009<\/span><h1>Improved my CSS knowledge<\/h1><p>Lorem ipsum dolor sit amet, consectetur adipisicing elit, sed do eiusmod tempor incididunt ut labore et dolore magna aliqua.<\/p>"}},"year2":{"name":"2004","numcirc":"6","circ1":{"name":"University","circsize":"80","textsize":"30","circcolor":"#411422","textcolor":"#FFF","ftext":"<span style='color:#A3BF2A'>2004<\/span><h1>Started University<\/h1><p>Lorem ipsum dolor sit amet, consectetuer adipiscing elit. Aenean commodo ligula eget dolor. Aenean massa. Cum sociis natoque penatibus et magnis dis parturient montes, nascetur ridiculus mus.<\/p>"},"circ2":{"name":"Boston","circsize":"50","textsize":"17","circcolor":"#BE3D64","textcolor":"#FFF","ftext":"<span style='color:#4B6EB2'>2004<\/span><h1>Moved to Boston<\/h1><p>Lorem ipsum dolor sit amet, consectetuer adipiscing elit. Aenean commodo ligula eget dolor. Aenean massa. Cum sociis natoque penatibus et magnis dis parturient montes, nascetur ridiculus mus.<\/p>"},"circ3":{"name":"<img src=\"key.png\" \/>","circsize":"50","textsize":"15","circcolor":"#DA8D00","textcolor":"#FFF","ftext":"<span style='color:#DA8D00'>2004<\/span><h1>Learned HTML<\/h1><p>Lorem ipsum dolor sit amet, consectetuer adipiscing elit. Mtes, nascetur ridiculus mus. Lorem ipsum dolor sit amet, consectetuer adipiscing elit. Aenean commodo ligula eget dolor. Aenean massa.<\/p>"},"circ4":{"name":"Flash","circsize":"20","textsize":"10","circcolor":"#C83729","textcolor":"#FFF","ftext":"<span style='color:#C83729'>2004<\/span><h1>Discovered Flash<\/h1><p>Lorem ipsum dolor sit amet, consectetuer adipiscing elit. Aenean commodo ligula eget dolor. Aenean massa. Cum sociis natoque penatibus et magnis dis parturient montes, nascetur ridiculus mus.<\/p>"},"circ5":{"name":"CSS","circsize":"70","textsize":"30","circcolor":"#FF7926","textcolor":"#FFF","ftext":"<span style='color:#ff7926'>2004<\/span><h1>CSS<\/h1><p>Lorem ipsum dolor sit amet, consectetuer adipiscing elit. Aenean commodo ligula eget dolor. Aenean massa. Cum sociis natoque penatibus et magnis dis parturient montes, nascetur ridiculus mus.<\/p>"},"circ6":{"name":"Jazz","circsize":"30","textsize":"10","circcolor":"#194759","textcolor":"#FFF","ftext":"<span style='color:#DA8D00'>2004<\/span><h1>Started to play Jazz<\/h1><p>Lorem ipsum dolor sit amet, consectetuer adipiscing elit. Aenean commodo ligula eget dolor. Aenean massa. Cum sociis natoque penatibus et magnis dis parturient montes, nascetur ridiculus mus. Cum sociis natoque penatibus et magnis dis parturient montes, nascetur ridiculus mus.<\/p>"}},"year3":{"name":"2008","numcirc":"5","circ1":{"name":"<img src=\"chplogo.png\" \/>","circsize":"50","textsize":"10","circcolor":"#B20625","textcolor":"#FFF","ftext":"<span style='color:#4B6EB2'>2008<\/span><h1>Chillipear<\/h1><p>Lorem ipsum dolor sit amet, consectetuer adipiscing elit. Aenean commodo ligula eget dolor. Aenean massa. Cum sociis natoque penatibus et magnis dis parturient montes, nascetur ridiculus mus.<\/p>"},"circ2":{"name":"jQuery","circsize":"30","textsize":"15","circcolor":"#693523","textcolor":"#FFF","ftext":"<span style='color:#DA8D00'>2008<\/span><h1>jQuery<\/h1><p>Lorem ipsum dolor sit amet, consectetuer adipiscing elit. Mtes, nascetur ridiculus mus. Lorem ipsum dolor sit amet, consectetuer adipiscing elit. Aenean commodo ligula eget dolor. Aenean massa.<\/p>"},"circ3":{"name":"HTML","circsize":"40","textsize":"20","circcolor":"#B2F227","textcolor":"#000","ftext":"<span style='color:#A3BF2A'>2008<\/span><h1>Wrote a book about HTML<\/h1><p>Lorem ipsum dolor sit amet, consectetuer adipiscing elit. Mtes, nascetur ridiculus mus. Lorem ipsum dolor sit amet, consectetuer adipiscing elit. Aenean commodo ligula eget dolor. Aenean massa.<\/p>"},"circ4":{"name":"CSS","circsize":"25","textsize":"13","circcolor":"#FFF887","textcolor":"#000","ftext":"<span style='color:#A3BF2A'>2008<\/span><h1>Learned CSS<\/h1><p>Lorem ipsum dolor sit amet, consectetuer adipiscing elit. Mtes, nascetur ridiculus mus. Lorem ipsum dolor sit amet, consectetuer adipiscing elit. Aenean commodo ligula eget dolor. Aenean massa.<\/p>"},"circ5":{"name":"<img src=\"time.png\" \/>","circsize":"40","textsize":"20","circcolor":"#BF7E30","textcolor":"#000","ftext":"<span style='color:#A3BF2A'>2008<\/span><h1>Learned PHP<\/h1><p>Lorem ipsum dolor sit amet, consectetuer adipiscing elit. Mtes, nascetur ridiculus mus. Lorem ipsum dolor sit amet, consectetuer adipiscing elit. Aenean commodo ligula eget dolor. Aenean massa.<\/p>"}},"year4":{"name":"2012","numcirc":"6","circ1":{"name":"Jazz","circsize":"30","textsize":"15","circcolor":"#03658C","textcolor":"#FFF","ftext":"<span style='color:#ff7926'>2012<\/span><h1>Started to play in a JAZZ band<\/h1><p>Lorem ipsum dolor sit amet, consectetur adipisicing elit, sed do eiusmod tempor incididunt ut labore et dolore magna aliqua.<\/p>"},"circ2":{"name":"<img src=\"chplogo.png\" \/>","circsize":"60","textsize":"20","circcolor":"#038C8C","textcolor":"#FFF","ftext":"<span style='color:#4B6EB2'>2012<\/span><h1>CEO of Chillipear<\/h1><p>Lorem ipsum dolor sit amet, consectetuer adipiscing elit. Aenean commodo ligula eget dolor. Aenean massa. Cum sociis natoque penatibus et magnis dis parturient montes, nascetur ridiculus mus.<\/p>"},"circ3":{"name":"Monaco","circsize":"25","textsize":"13","circcolor":"#F2E205","textcolor":"#000","ftext":"<span style='color:#A3BF2A'>2012<\/span><h1>Traveled to Monaco<\/h1><p>Lorem ipsum dolor sit amet, consectetuer adipiscing elit. Aenean commodo ligula eget dolor. Aenean massa. Cum sociis natoque penatibus et magnis dis parturient montes, nascetur ridiculus mus.<\/p>"},"circ4":{"name":"HTML5","circsize":"30","textsize":"15","circcolor":"#F27329","textcolor":"#FFF","ftext":"<span style='color:#DA8D00'>2012<\/span><h1>Learned HTML5<\/h1><p>Lorem ipsum dolor sit amet, consectetuer adipiscing elit. Aenean commodo ligula eget dolor. Aenean massa. Cum sociis natoque penatibus et magnis dis parturient montes, nascetur ridiculus mus.<\/p>"},"circ5":{"name":"CSS3","circsize":"50","textsize":"25","circcolor":"#F24130","textcolor":"#FFF","ftext":"<span style='color:#DA8D00'>2012<\/span><h1>Learned CSS3<\/h1><p>Lorem ipsum dolor sit amet, consectetuer adipiscing elit. Aenean commodo ligula eget dolor. Aenean massa. Cum sociis natoque penatibus et magnis dis parturient montes, nascetur ridiculus mus.<\/p>"},"circ6":{"name":"jQuery","circsize":"40","textsize":"20","circcolor":"#A13AF2","textcolor":"#FFF","ftext":"<span style='color:#ff7926'>2012<\/span><h1>Learned jQuery<\/h1><p>Lorem ipsum dolor sit amet, consectetuer adipiscing elit. Aenean commodo ligula eget dolor. Aenean massa. Cum sociis natoque penatibus et magnis dis parturient montes, nascetur ridiculus mus.<\/p>"}},"year5":{"name":"","numcirc":null},"year6":{"name":"","numcirc":null},"year7":{"name":"","numcirc":null},"year8":{"name":"","numcirc":null},"year9":{"name":"","numcirc":null},"year10":{"name":"","numcirc":null},"year11":{"name":"","numcirc":null},"year12":{"name":"","numcirc":null},"year13":{"name":"","numcirc":null},"year14":{"name":"","numcirc":null},"year15":{"name":"","numcirc":null},"year16":{"name":"","numcirc":null},"year17":{"name":"","numcirc":null},"year18":{"name":"","numcirc":null},"year19":{"name":"","numcirc":null},"year20":{"name":"","numcirc":null}}